{"cameraMode":{"drawMode":0,"name":"Shaded","section":"Shading Mode"},"sceneLighting":true,"audioPlay":false,"sceneViewState":{"showFog":true,"showMaterialUpdate":false,"showSkybox":true,"showFlares":true,"showImageEffects":true,"showParticleSystems":true},"in2DMode":false,"pivot":{"x":3.5060415267944338,"y":4.543520927429199,"z":5.085441589355469},"rotation":{"x":-0.2750746011734009,"y":0.3038591742515564,"z":-0.09209687262773514,"w":-0.907494068145752},"size":26.18994903564453,"orthographic":false}